Date,Word,Count
2024-01-01,Apollo,1
2024-01-10,Apollo,0
2024-04-09,Apollo,0
2024-04-10,Apollo,0
2024-04-11,Apollo,1
2024-04-12,Apollo,1
2024-04-13,Apollo,0
2024-04-14,Apollo,1
2024-04-15,Apollo,1
2024-04-16,Apollo,1
2024-04-17,Apollo,1
2024-04-18,Apollo,0
2024-01-11,Apollo,0
2024-04-19,Apollo,0
2024-04-20,Apollo,1
2024-04-21,Apollo,0
22024-04-22,Apollo,0
2024-04-23,Apollo,1
2024-04-24,Apollo,0
2024-04-25,Apollo,0
2024-04-26,Apollo,1
2024-04-27,Apollo,1
2024-04-28,Apollo,0
2024-01-12,Apollo,1
2024-04-29,Apollo,1
2024-04-30,Apollo,1
2024-05-01,Apollo,1
2024-05-02,Apollo,1
2024-05-03,Apollo,0
2024-05-04,Apollo,0
2024-05-05,Apollo,1
2024-05-06,Apollo,0
2024-05-07,Apollo,0
2024-05-08,Apollo,1
2024-01-13,Apollo,1
2024-05-09,Apollo,0
2024-05-10,Apollo,0
2024-05-11,Apollo,1
2024-05-12,Apollo,1
2024-05-13,Apollo,0
2024-05-14,Apollo,1
2024-05-15,Apollo,1
2024-05-16,Apollo,1
2024-05-17,Apollo,1
2024-05-18,Apollo,0
2024-01-14,Apollo,0
2024-05-19,Apollo,0
2024-05-20,Apollo,1
2024-05-21,Apollo,0
2024-05-22,Apollo,0
2024-05-23,Apollo,1
2024-05-24,Apollo,0
2024-05-25,Apollo,0
2024-05-26,Apollo,1
2024-05-27,Apollo,1
2024-05-28,Apollo,0
2024-01-15,Apollo,1
2024-05-29,Apollo,1
2024-01-16,Apollo,1
2024-01-17,Apollo,1
2024-01-18,Apollo,1
2024-01-19,Apollo,0
2024-01-02,Apollo,1
2024-01-20,Apollo,0
2024-01-21,Apollo,1
2024-01-22,Apollo,0
2024-01-23,Apollo,0
2024-01-24,Apollo,1
2024-01-25,Apollo,0
2024-01-26,Apollo,0
2024-01-27,Apollo,1
2024-01-28,Apollo,1
2024-01-29,Apollo,0
2024-01-03,Apollo,1
2024-01-30,Apollo,1
2024-01-31,Apollo,1
2024-02-01,Apollo,1
2024-02-02,Apollo,1
2024-02-03,Apollo,0
2024-02-04,Apollo,0
2024-02-05,Apollo,1
2024-02-06,Apollo,0
2024-02-07,Apollo,0
2024-02-08,Apollo,1
2024-01-04,Apollo,0
2024-02-09,Apollo,0
2024-02-10,Apollo,0
2024-02-11,Apollo,1
2024-02-12,Apollo,1
2024-02-13,Apollo,0
2024-02-14,Apollo,1
2024-02-15,Apollo,1
2024-02-16,Apollo,1
2024-02-17,Apollo,1
2024-02-18,Apollo,0
2024-01-05,Apollo,0
2024-02-19,Apollo,0
2024-02-20,Apollo,1
2024-02-21,Apollo,0
2024-02-22,Apollo,0
2024-02-23,Apollo,1
2024-02-24,Apollo,0
2024-02-25,Apollo,0
2024-02-26,Apollo,1
2024-02-27,Apollo,1
2024-02-28,Apollo,0
2024-01-06,Apollo,1
2024-02-29,Apollo,1
2024-03-01,Apollo,1
2024-03-02,Apollo,1
2024-03-03,Apollo,1
2024-03-04,Apollo,0
2024-03-05,Apollo,0
2024-03-06,Apollo,1
2024-03-07,Apollo,0
2024-03-08,Apollo,0
2024-03-09,Apollo,1
2024-01-07,Apollo,0
2024-03-10,Apollo,0
2024-03-11,Apollo,0
2024-03-12,Apollo,1
2024-03-13,Apollo,1
2024-03-14,Apollo,0
2024-03-15,Apollo,1
2024-03-16,Apollo,1
2024-03-17,Apollo,1
2024-03-18,Apollo,1
2024-03-19,Apollo,0
2024-01-08,Apollo,0
2024-03-20,Apollo,0
2024-03-21,Apollo,1
2024-03-22,Apollo,0
2024-03-23,Apollo,0
2024-03-24,Apollo,1
2024-03-25,Apollo,0
2024-03-26,Apollo,0
2024-03-27,Apollo,1
2024-03-28,Apollo,1
2024-03-29,Apollo,0
2024-01-09,Apollo,1
2024-03-30,Apollo,1
2024-03-31,Apollo,1
2024-04-01,Apollo,1
2024-04-02,Apollo,1
2024-04-03,Apollo,0
2024-04-04,Apollo,0
2024-04-05,Apollo,1
2024-04-06,Apollo,0
2024-04-07,Apollo,0
2024-04-08,Apollo,1
