,1A3N_A,1AG2_A,1B10_A,1BZ0_A,1DX0_A,1GCW_A,1JJ2_B,1MBD_A,1OUT_A,1QG3_A,1QM0_A,1T4W_A,1TUP_C,1UW3_A,2OCJ_A,2WTT_A,3EXJ_A,4E5A_A,4NFB_A,4V4I_D,4V4Q_BC,4V88_L2,5FHX_A,6LDP_A,6Z6L_E
1A3N_A,0.0,3.17,3.43,0.29,2.86,1.29,5.08,1.51,0.97,5.05,3.84,5.52,5.74,3.6,5.93,2.87,5.39,6.0,5.01,5.11,5.19,6.0,4.19,5.55,6.0
1AG2_A,3.17,0.0,2.1,3.2,2.52,3.33,4.66,3.54,3.56,4.58,2.59,4.22,3.8,2.3,4.22,2.46,4.25,6.0,4.18,4.72,4.74,6.0,4.41,4.53,6.0
1B10_A,3.43,2.1,0.0,3.51,2.14,3.47,4.89,3.32,3.64,4.12,2.06,4.24,4.78,1.82,3.88,2.64,4.35,6.0,4.36,4.33,4.58,6.0,4.28,4.91,6.0
1BZ0_A,0.29,3.2,3.51,0.0,3.2,1.33,5.58,1.54,0.99,5.21,3.53,5.8,5.83,3.66,5.76,2.86,5.38,6.0,5.31,5.24,4.58,6.0,4.06,5.11,6.0
1DX0_A,2.86,2.52,2.14,3.2,0.0,2.65,4.83,3.52,3.47,4.81,1.92,3.89,4.35,1.87,4.29,2.38,4.4,6.0,4.58,4.45,4.85,6.0,4.56,4.68,6.0
1GCW_A,1.29,3.33,3.47,1.33,2.65,0.0,5.33,1.54,1.5,5.08,3.49,5.25,6.12,4.14,5.59,1.98,5.32,6.0,5.19,5.01,5.23,6.0,4.35,5.6,6.0
1JJ2_B,5.08,4.66,4.89,5.58,4.83,5.33,0.0,5.46,5.64,6.47,5.07,5.99,5.5,5.3,5.39,3.38,5.8,6.0,4.51,5.59,6.61,6.0,5.06,7.59,6.0
1MBD_A,1.51,3.54,3.32,1.54,3.52,1.54,5.46,0.0,1.79,5.29,3.49,6.12,5.88,3.34,5.94,2.44,5.99,6.0,4.97,5.17,5.44,6.0,4.24,5.42,6.0
1OUT_A,0.97,3.56,3.64,0.99,3.47,1.5,5.64,1.79,0.0,5.36,3.59,5.86,5.86,3.87,5.68,2.7,5.44,6.0,4.92,5.66,5.17,6.0,4.22,5.71,6.0
1QG3_A,5.05,4.58,4.12,5.21,4.81,5.08,6.47,5.29,5.36,0.0,4.65,3.5,3.6,4.45,3.47,3.36,3.58,6.0,3.39,6.1,6.08,6.0,5.03,5.12,6.0
1QM0_A,3.84,2.59,2.06,3.53,1.92,3.49,5.07,3.49,3.59,4.65,0.0,4.3,5.11,1.77,4.67,2.61,4.4,6.0,4.68,4.31,4.78,6.0,4.45,4.41,6.0
1T4W_A,5.52,4.22,4.24,5.8,3.89,5.25,5.99,6.12,5.86,3.5,4.3,0.0,2.75,4.53,2.68,3.1,2.87,6.0,3.31,5.87,5.68,6.0,5.1,5.73,6.0
1TUP_C,5.74,3.8,4.78,5.83,4.35,6.12,5.5,5.88,5.86,3.6,5.11,2.75,0.0,5.04,0.76,2.85,1.62,6.0,3.48,5.71,5.79,6.0,4.89,5.61,6.0
1UW3_A,3.6,2.3,1.82,3.66,1.87,4.14,5.3,3.34,3.87,4.45,1.77,4.53,5.04,0.0,4.89,2.47,4.46,6.0,4.38,5.04,4.81,6.0,4.67,4.9,6.0
2OCJ_A,5.93,4.22,3.88,5.76,4.29,5.59,5.39,5.94,5.68,3.47,4.67,2.68,0.76,4.89,0.0,2.94,1.41,6.0,3.39,5.23,5.63,6.0,5.23,5.37,6.0
2WTT_A,2.87,2.46,2.64,2.86,2.38,1.98,3.38,2.44,2.7,3.36,2.61,3.1,2.85,2.47,2.94,0.0,3.78,6.0,3.65,2.54,2.53,6.0,1.87,2.43,6.0
3EXJ_A,5.39,4.25,4.35,5.38,4.4,5.32,5.8,5.99,5.44,3.58,4.4,2.87,1.62,4.46,1.41,3.78,0.0,6.0,3.56,5.28,5.91,6.0,4.1,5.76,6.0
4E5A_A,6.0,6.0,6.0,6.0,6.0,6.0,6.0,6.0,6.0,6.0,6.0,6.0,6.0,6.0,6.0,6.0,6.0,0.0,6.0,6.0,6.0,6.0,6.0,6.0,6.0
4NFB_A,5.01,4.18,4.36,5.31,4.58,5.19,4.51,4.97,4.92,3.39,4.68,3.31,3.48,4.38,3.39,3.65,3.56,6.0,0.0,5.68,5.36,6.0,5.4,5.15,6.0
4V4I_D,5.11,4.72,4.33,5.24,4.45,5.01,5.59,5.17,5.66,6.1,4.31,5.87,5.71,5.04,5.5,2.54,5.28,6.0,5.68,0.0,5.76,6.0,5.13,6.04,6.0
4V4Q_BC,5.19,4.74,4.58,4.58,4.85,5.23,6.61,5.44,5.17,6.08,4.78,5.68,5.79,4.81,5.63,2.53,5.91,6.0,5.36,5.76,0.0,6.0,5.76,6.68,6.0
4V88_L2,6.0,6.0,6.0,6.0,6.0,6.0,6.0,6.0,6.0,6.0,6.0,6.0,6.0,6.0,6.0,6.0,6.0,6.0,6.0,6.0,6.0,0.0,6.0,6.0,6.0
5FHX_A,4.19,4.41,4.28,4.06,4.56,4.35,5.06,4.24,4.22,5.03,4.45,5.1,4.89,4.67,5.23,1.87,4.1,6.0,5.4,5.13,5.76,6.0,0.0,4.82,6.0
6LDP_A,5.55,4.53,4.91,5.11,4.68,5.6,7.59,5.42,5.71,5.12,4.41,5.73,5.61,4.9,5.37,2.43,5.76,6.0,5.15,6.04,6.68,6.0,4.82,0.0,6.0
6Z6L_E,6.0,6.0,6.0,6.0,6.0,6.0,6.0,6.0,6.0,6.0,6.0,6.0,6.0,6.0,6.0,6.0,6.0,6.0,6.0,6.0,6.0,6.0,6.0,6.0,0.0
